Sample, step, nreads
PCR4_NNACAGTCGT_Locus_COI_Fwd, filtering, 33714
PCR4_NNACAGTCGT_Locus_COI_Fwd, merging, 33522
PCR4_NNACAGTCGT_Locus_COI_Rev, filtering, 26712
PCR4_NNACAGTCGT_Locus_COI_Rev, merging, 26594
PCR4_NNAGCGCTCG_Locus_COI_Fwd, filtering, 22994
PCR4_NNAGCGCTCG_Locus_COI_Fwd, merging, 22847
PCR4_NNAGCGCTCG_Locus_COI_Rev, filtering, 20405
PCR4_NNAGCGCTCG_Locus_COI_Rev, merging, 20316
PCR4_NNAGTCAGAT_Locus_COI_Fwd, filtering, 74319
PCR4_NNAGTCAGAT_Locus_COI_Fwd, merging, 71335
PCR4_NNAGTCAGAT_Locus_COI_Rev, filtering, 54495
PCR4_NNAGTCAGAT_Locus_COI_Rev, merging, 52401
PCR4_NNGACACACG_Locus_COI_Fwd, filtering, 34205
PCR4_NNGACACACG_Locus_COI_Fwd, merging, 33891
PCR4_NNGACACACG_Locus_COI_Rev, filtering, 30108
PCR4_NNGACACACG_Locus_COI_Rev, merging, 29897
PCR4_NNGACGCTAG_Locus_COI_Fwd, filtering, 26913
PCR4_NNGACGCTAG_Locus_COI_Fwd, merging, 25127
PCR4_NNGACGCTAG_Locus_COI_Rev, filtering, 22957
PCR4_NNGACGCTAG_Locus_COI_Rev, merging, 21543
PCR4_NNNACACAGCA_Locus_COI_Fwd, filtering, 21553
PCR4_NNNACACAGCA_Locus_COI_Fwd, merging, 21387
PCR4_NNNACACAGCA_Locus_COI_Rev, filtering, 18865
PCR4_NNNACACAGCA_Locus_COI_Rev, merging, 18797
PCR4_NNNACGACACG_Locus_COI_Fwd, filtering, 40232
PCR4_NNNACGACACG_Locus_COI_Fwd, merging, 37596
PCR4_NNNACGACACG_Locus_COI_Rev, filtering, 32028
PCR4_NNNACGACACG_Locus_COI_Rev, merging, 30075
PCR4_NNNGACATATA_Locus_COI_Fwd, filtering, 36284
PCR4_NNNGACATATA_Locus_COI_Fwd, merging, 36156
PCR4_NNNGACATATA_Locus_COI_Rev, filtering, 20462
PCR4_NNNGACATATA_Locus_COI_Rev, merging, 20404
PCR4_NNNGACGTCTG_Locus_COI_Fwd, filtering, 44001
PCR4_NNNGACGTCTG_Locus_COI_Fwd, merging, 42468
PCR4_NNNGACGTCTG_Locus_COI_Rev, filtering, 37350
PCR4_NNNGACGTCTG_Locus_COI_Rev, merging, 36164
PCR4_NNNGCGTCAGA_Locus_COI_Fwd, filtering, 128091
PCR4_NNNGCGTCAGA_Locus_COI_Fwd, merging, 126547
PCR4_NNNGCGTCAGA_Locus_COI_Rev, filtering, 96949
PCR4_NNNGCGTCAGA_Locus_COI_Rev, merging, 95957
PCR4_NNNGTGCAGAC_Locus_COI_Fwd, filtering, 58552
PCR4_NNNGTGCAGAC_Locus_COI_Fwd, merging, 54545
PCR4_NNNGTGCAGAC_Locus_COI_Rev, filtering, 46353
PCR4_NNNGTGCAGAC_Locus_COI_Rev, merging, 43640
PCR4_NNNGTGTCGTC_Locus_COI_Fwd, filtering, 45582
PCR4_NNNGTGTCGTC_Locus_COI_Fwd, merging, 42492
PCR4_NNNGTGTCGTC_Locus_COI_Rev, filtering, 34306
PCR4_NNNGTGTCGTC_Locus_COI_Rev, merging, 32291
PCR4_NNNNACACACAC_Locus_COI_Fwd, filtering, 29939
PCR4_NNNNACACACAC_Locus_COI_Fwd, merging, 29774
PCR4_NNNNACACACAC_Locus_COI_Rev, filtering, 22946
PCR4_NNNNACACACAC_Locus_COI_Rev, merging, 22823
PCR4_NNNNATGTCTGC_Locus_COI_Fwd, filtering, 18991
PCR4_NNNNATGTCTGC_Locus_COI_Fwd, merging, 16210
PCR4_NNNNATGTCTGC_Locus_COI_Rev, filtering, 16583
PCR4_NNNNATGTCTGC_Locus_COI_Rev, merging, 14458
PCR4_NNNNGACAGAGC_Locus_COI_Fwd, filtering, 26784
PCR4_NNNNGACAGAGC_Locus_COI_Fwd, merging, 25274
PCR4_NNNNGACAGAGC_Locus_COI_Rev, filtering, 23117
PCR4_NNNNGACAGAGC_Locus_COI_Rev, merging, 21929
PCR4_NNNNGCGTATGT_Locus_COI_Fwd, filtering, 26559
PCR4_NNNNGCGTATGT_Locus_COI_Fwd, merging, 24485
PCR4_NNNNGCGTATGT_Locus_COI_Rev, filtering, 19786
PCR4_NNNNGCGTATGT_Locus_COI_Rev, merging, 18368
PCR4_NNNNGTACTAGT_Locus_COI_Fwd, filtering, 26996
PCR4_NNNNGTACTAGT_Locus_COI_Fwd, merging, 26831
PCR4_NNNNGTACTAGT_Locus_COI_Rev, filtering, 23825
PCR4_NNNNGTACTAGT_Locus_COI_Rev, merging, 23665
PCR4_NNNNTCATATAC_Locus_COI_Fwd, filtering, 39498
PCR4_NNNNTCATATAC_Locus_COI_Fwd, merging, 39120
PCR4_NNNNTCATATAC_Locus_COI_Rev, filtering, 24017
PCR4_NNNNTCATATAC_Locus_COI_Rev, merging, 23818
PCR4_NNNNTCGACTCT_Locus_COI_Fwd, filtering, 35518
PCR4_NNNNTCGACTCT_Locus_COI_Fwd, merging, 33727
PCR4_NNNNTCGACTCT_Locus_COI_Rev, filtering, 30327
PCR4_NNNNTCGACTCT_Locus_COI_Rev, merging, 28881
PCR4_NNNNTGTCTATC_Locus_COI_Fwd, filtering, 31600
PCR4_NNNNTGTCTATC_Locus_COI_Fwd, merging, 30683
PCR4_NNNNTGTCTATC_Locus_COI_Rev, filtering, 23491
PCR4_NNNNTGTCTATC_Locus_COI_Rev, merging, 22877
PCR4_NNNTCATCTGA_Locus_COI_Fwd, filtering, 40548
PCR4_NNNTCATCTGA_Locus_COI_Fwd, merging, 39494
PCR4_NNNTCATCTGA_Locus_COI_Rev, filtering, 31255
PCR4_NNNTCATCTGA_Locus_COI_Rev, merging, 30583
PCR4_NNTAGCAGTG_Locus_COI_Fwd, filtering, 28210
PCR4_NNTAGCAGTG_Locus_COI_Fwd, merging, 26513
PCR4_NNTAGCAGTG_Locus_COI_Rev, filtering, 24550
PCR4_NNTAGCAGTG_Locus_COI_Rev, merging, 22965
PCR4_NNTGTAGACT_Locus_COI_Fwd, filtering, 85437
PCR4_NNTGTAGACT_Locus_COI_Fwd, merging, 82808
PCR4_NNTGTAGACT_Locus_COI_Rev, filtering, 69154
PCR4_NNTGTAGACT_Locus_COI_Rev, merging, 67405
PCR4_NNTGTCACAC_Locus_COI_Fwd, filtering, 50600
PCR4_NNTGTCACAC_Locus_COI_Fwd, merging, 47955
PCR4_NNTGTCACAC_Locus_COI_Rev, filtering, 37164
PCR4_NNTGTCACAC_Locus_COI_Rev, merging, 35507
PCR6_NNAGTCGATA_Locus_COI_Fwd, filtering, 32896
PCR6_NNAGTCGATA_Locus_COI_Fwd, merging, 32838
PCR6_NNAGTCGATA_Locus_COI_Rev, filtering, 23186
PCR6_NNAGTCGATA_Locus_COI_Rev, merging, 23163
PCR6_NNNACAGCTAT_Locus_COI_Fwd, filtering, 22
PCR6_NNNACAGCTAT_Locus_COI_Fwd, merging, 2
PCR6_NNNACAGCTAT_Locus_COI_Rev, filtering, 19
PCR6_NNNACAGCTAT_Locus_COI_Rev, merging, 0
PCR6_NNNACGACTGA_Locus_COI_Fwd, filtering, 96806
PCR6_NNNACGACTGA_Locus_COI_Fwd, merging, 96641
PCR6_NNNACGACTGA_Locus_COI_Rev, filtering, 82500
PCR6_NNNACGACTGA_Locus_COI_Rev, merging, 82363
PCR6_NNNAGTATGTC_Locus_COI_Fwd, filtering, 15971
PCR6_NNNAGTATGTC_Locus_COI_Fwd, merging, 15958
PCR6_NNNAGTATGTC_Locus_COI_Rev, filtering, 11531
PCR6_NNNAGTATGTC_Locus_COI_Rev, merging, 11524
PCR6_NNNGTGTGAGC_Locus_COI_Fwd, filtering, 59728
PCR6_NNNGTGTGAGC_Locus_COI_Fwd, merging, 59618
PCR6_NNNGTGTGAGC_Locus_COI_Rev, filtering, 51846
PCR6_NNNGTGTGAGC_Locus_COI_Rev, merging, 51766
PCR6_NNNNACATCAGT_Locus_COI_Fwd, filtering, 18370
PCR6_NNNNACATCAGT_Locus_COI_Fwd, merging, 18336
PCR6_NNNNACATCAGT_Locus_COI_Rev, filtering, 16722
PCR6_NNNNACATCAGT_Locus_COI_Rev, merging, 16712
PCR6_NNNNGACACGAC_Locus_COI_Fwd, filtering, 37320
PCR6_NNNNGACACGAC_Locus_COI_Fwd, merging, 37209
PCR6_NNNNGACACGAC_Locus_COI_Rev, filtering, 31885
PCR6_NNNNGACACGAC_Locus_COI_Rev, merging, 31818
PCR6_NNNNGTGTCACT_Locus_COI_Fwd, filtering, 52908
PCR6_NNNNGTGTCACT_Locus_COI_Fwd, merging, 52817
PCR6_NNNNGTGTCACT_Locus_COI_Rev, filtering, 48473
PCR6_NNNNGTGTCACT_Locus_COI_Rev, merging, 48415
PCR6_NNNNTACACGCT_Locus_COI_Fwd, filtering, 20444
PCR6_NNNNTACACGCT_Locus_COI_Fwd, merging, 20409
PCR6_NNNNTACACGCT_Locus_COI_Rev, filtering, 18985
PCR6_NNNNTACACGCT_Locus_COI_Rev, merging, 18943
PCR6_NNNNTACAGTAC_Locus_COI_Fwd, filtering, 
PCR6_NNNNTACAGTAC_Locus_COI_Fwd, merging, 0
PCR6_NNNNTACAGTAC_Locus_COI_Rev, filtering, 1
PCR6_NNNNTACAGTAC_Locus_COI_Rev, merging, 1
PCR6_NNNNTCAGTCAC_Locus_COI_Fwd, filtering, 33897
PCR6_NNNNTCAGTCAC_Locus_COI_Fwd, merging, 33846
PCR6_NNNNTCAGTCAC_Locus_COI_Rev, filtering, 26634
PCR6_NNNNTCAGTCAC_Locus_COI_Rev, merging, 26617
PCR6_NNNTGTACAGC_Locus_COI_Fwd, filtering, 55685
PCR6_NNNTGTACAGC_Locus_COI_Fwd, merging, 55575
PCR6_NNNTGTACAGC_Locus_COI_Rev, filtering, 50915
PCR6_NNNTGTACAGC_Locus_COI_Rev, merging, 50811
PCR6_NNNTGTATCGT_Locus_COI_Fwd, filtering, 31444
PCR6_NNNTGTATCGT_Locus_COI_Fwd, merging, 31415
PCR6_NNNTGTATCGT_Locus_COI_Rev, filtering, 26023
PCR6_NNNTGTATCGT_Locus_COI_Rev, merging, 26002
PCR6_NNTAGCGATA_Locus_COI_Fwd, filtering, 36669
PCR6_NNTAGCGATA_Locus_COI_Fwd, merging, 36587
PCR6_NNTAGCGATA_Locus_COI_Rev, filtering, 24641
PCR6_NNTAGCGATA_Locus_COI_Rev, merging, 24618
PCR6_NNTCAGCTCG_Locus_COI_Fwd, filtering, 57386
PCR6_NNTCAGCTCG_Locus_COI_Fwd, merging, 57269
PCR6_NNTCAGCTCG_Locus_COI_Rev, filtering, 51069
PCR6_NNTCAGCTCG_Locus_COI_Rev, merging, 51012
PCR6_NNTCAGTATA_Locus_COI_Fwd, filtering, 25196
PCR6_NNTCAGTATA_Locus_COI_Fwd, merging, 25139
PCR6_NNTCAGTATA_Locus_COI_Rev, filtering, 15983
PCR6_NNTCAGTATA_Locus_COI_Rev, merging, 15958
PCR6_NNTGTAGCTA_Locus_COI_Fwd, filtering, 34332
PCR6_NNTGTAGCTA_Locus_COI_Fwd, merging, 34257
PCR6_NNTGTAGCTA_Locus_COI_Rev, filtering, 29200
PCR6_NNTGTAGCTA_Locus_COI_Rev, merging, 29176
PCR6_NNTGTCAGTA_Locus_COI_Fwd, filtering, 40679
PCR6_NNTGTCAGTA_Locus_COI_Fwd, merging, 40552
PCR6_NNTGTCAGTA_Locus_COI_Rev, filtering, 31948
PCR6_NNTGTCAGTA_Locus_COI_Rev, merging, 31887
PCR7_NNACACGCGA_Locus_COI_Fwd, filtering, 85325
PCR7_NNACACGCGA_Locus_COI_Fwd, merging, 84742
PCR7_NNACACGCGA_Locus_COI_Rev, filtering, 42140
PCR7_NNACACGCGA_Locus_COI_Rev, merging, 41900
PCR7_NNACAGTCGT_Locus_COI_Fwd, filtering, 48544
PCR7_NNACAGTCGT_Locus_COI_Fwd, merging, 42305
PCR7_NNACAGTCGT_Locus_COI_Rev, filtering, 23089
PCR7_NNACAGTCGT_Locus_COI_Rev, merging, 20271
PCR7_NNACGAGCAT_Locus_COI_Fwd, filtering, 
PCR7_NNACGAGCAT_Locus_COI_Fwd, merging, 0
PCR7_NNACGAGCAT_Locus_COI_Rev, filtering, 
PCR7_NNACGAGCAT_Locus_COI_Rev, merging, 0
PCR7_NNAGCTAGCA_Locus_COI_Fwd, filtering, 56976
PCR7_NNAGCTAGCA_Locus_COI_Fwd, merging, 56848
PCR7_NNAGCTAGCA_Locus_COI_Rev, filtering, 31693
PCR7_NNAGCTAGCA_Locus_COI_Rev, merging, 31670
PCR7_NNAGCTGACG_Locus_COI_Fwd, filtering, 2
PCR7_NNAGCTGACG_Locus_COI_Fwd, merging, 2
PCR7_NNAGCTGACG_Locus_COI_Rev, filtering, 
PCR7_NNAGCTGACG_Locus_COI_Rev, merging, 0
PCR7_NNAGTCAGAT_Locus_COI_Fwd, filtering, 56727
PCR7_NNAGTCAGAT_Locus_COI_Fwd, merging, 53159
PCR7_NNAGTCAGAT_Locus_COI_Rev, filtering, 25642
PCR7_NNAGTCAGAT_Locus_COI_Rev, merging, 24099
PCR7_NNAGTCATCG_Locus_COI_Fwd, filtering, 81008
PCR7_NNAGTCATCG_Locus_COI_Fwd, merging, 80283
PCR7_NNAGTCATCG_Locus_COI_Rev, filtering, 47866
PCR7_NNAGTCATCG_Locus_COI_Rev, merging, 47765
PCR7_NNAGTCGATA_Locus_COI_Fwd, filtering, 29389
PCR7_NNAGTCGATA_Locus_COI_Fwd, merging, 28302
PCR7_NNAGTCGATA_Locus_COI_Rev, filtering, 10305
PCR7_NNAGTCGATA_Locus_COI_Rev, merging, 9792
PCR7_NNATCGCAGT_Locus_COI_Fwd, filtering, 46490
PCR7_NNATCGCAGT_Locus_COI_Fwd, merging, 46181
PCR7_NNATCGCAGT_Locus_COI_Rev, filtering, 30308
PCR7_NNATCGCAGT_Locus_COI_Rev, merging, 30144
PCR7_NNATGTCGAG_Locus_COI_Fwd, filtering, 43697
PCR7_NNATGTCGAG_Locus_COI_Fwd, merging, 40614
PCR7_NNATGTCGAG_Locus_COI_Rev, filtering, 22224
PCR7_NNATGTCGAG_Locus_COI_Rev, merging, 20861
PCR7_NNGACGCTAG_Locus_COI_Fwd, filtering, 33421
PCR7_NNGACGCTAG_Locus_COI_Fwd, merging, 30470
PCR7_NNGACGCTAG_Locus_COI_Rev, filtering, 20263
PCR7_NNGACGCTAG_Locus_COI_Rev, merging, 18578
PCR7_NNGCGCGCGC_Locus_COI_Fwd, filtering, 16207
PCR7_NNGCGCGCGC_Locus_COI_Fwd, merging, 16151
PCR7_NNGCGCGCGC_Locus_COI_Rev, filtering, 10189
PCR7_NNGCGCGCGC_Locus_COI_Rev, merging, 10181
PCR7_NNNACACGACG_Locus_COI_Fwd, filtering, 28847
PCR7_NNNACACGACG_Locus_COI_Fwd, merging, 28762
PCR7_NNNACACGACG_Locus_COI_Rev, filtering, 17603
PCR7_NNNACACGACG_Locus_COI_Rev, merging, 17589
PCR7_NNNACACTAGC_Locus_COI_Fwd, filtering, 122108
PCR7_NNNACACTAGC_Locus_COI_Fwd, merging, 119612
PCR7_NNNACACTAGC_Locus_COI_Rev, filtering, 73901
PCR7_NNNACACTAGC_Locus_COI_Rev, merging, 72670
PCR7_NNNACACTGAT_Locus_COI_Fwd, filtering, 54629
PCR7_NNNACACTGAT_Locus_COI_Fwd, merging, 54483
PCR7_NNNACACTGAT_Locus_COI_Rev, filtering, 32290
PCR7_NNNACACTGAT_Locus_COI_Rev, merging, 32269
PCR7_NNNACAGCGTC_Locus_COI_Fwd, filtering, 
PCR7_NNNACAGCGTC_Locus_COI_Fwd, merging, 0
PCR7_NNNACAGCGTC_Locus_COI_Rev, filtering, 
PCR7_NNNACAGCGTC_Locus_COI_Rev, merging, 0
PCR7_NNNACAGCTAT_Locus_COI_Fwd, filtering, 33680
PCR7_NNNACAGCTAT_Locus_COI_Fwd, merging, 33599
PCR7_NNNACAGCTAT_Locus_COI_Rev, filtering, 21234
PCR7_NNNACAGCTAT_Locus_COI_Rev, merging, 21204
PCR7_NNNACGACACG_Locus_COI_Fwd, filtering, 39670
PCR7_NNNACGACACG_Locus_COI_Fwd, merging, 36504
PCR7_NNNACGACACG_Locus_COI_Rev, filtering, 22306
PCR7_NNNACGACACG_Locus_COI_Rev, merging, 20575
PCR7_NNNACGACTGA_Locus_COI_Fwd, filtering, 28574
PCR7_NNNACGACTGA_Locus_COI_Fwd, merging, 28092
PCR7_NNNACGACTGA_Locus_COI_Rev, filtering, 12995
PCR7_NNNACGACTGA_Locus_COI_Rev, merging, 12820
PCR7_NNNAGATCTCT_Locus_COI_Fwd, filtering, 71018
PCR7_NNNAGATCTCT_Locus_COI_Fwd, merging, 70831
PCR7_NNNAGATCTCT_Locus_COI_Rev, filtering, 41101
PCR7_NNNAGATCTCT_Locus_COI_Rev, merging, 41031
PCR7_NNNAGCGAGTC_Locus_COI_Fwd, filtering, 44762
PCR7_NNNAGCGAGTC_Locus_COI_Fwd, merging, 39770
PCR7_NNNAGCGAGTC_Locus_COI_Rev, filtering, 16367
PCR7_NNNAGCGAGTC_Locus_COI_Rev, merging, 14515
PCR7_NNNGACATATA_Locus_COI_Fwd, filtering, 52106
PCR7_NNNGACATATA_Locus_COI_Fwd, merging, 47675
PCR7_NNNGACATATA_Locus_COI_Rev, filtering, 13455
PCR7_NNNGACATATA_Locus_COI_Rev, merging, 12418
PCR7_NNNGACGTCTG_Locus_COI_Fwd, filtering, 49289
PCR7_NNNGACGTCTG_Locus_COI_Fwd, merging, 45818
PCR7_NNNGACGTCTG_Locus_COI_Rev, filtering, 30307
PCR7_NNNGACGTCTG_Locus_COI_Rev, merging, 28303
PCR7_NNNGACTACGA_Locus_COI_Fwd, filtering, 52855
PCR7_NNNGACTACGA_Locus_COI_Fwd, merging, 52661
PCR7_NNNGACTACGA_Locus_COI_Rev, filtering, 26107
PCR7_NNNGACTACGA_Locus_COI_Rev, merging, 26050
PCR7_NNNGTACGCTG_Locus_COI_Fwd, filtering, 51521
PCR7_NNNGTACGCTG_Locus_COI_Fwd, merging, 51327
PCR7_NNNGTACGCTG_Locus_COI_Rev, filtering, 35020
PCR7_NNNGTACGCTG_Locus_COI_Rev, merging, 34937
PCR7_NNNGTGCACTA_Locus_COI_Fwd, filtering, 34313
PCR7_NNNGTGCACTA_Locus_COI_Fwd, merging, 34131
PCR7_NNNGTGCACTA_Locus_COI_Rev, filtering, 15091
PCR7_NNNGTGCACTA_Locus_COI_Rev, merging, 15040
PCR7_NNNGTGCGACG_Locus_COI_Fwd, filtering, 52801
PCR7_NNNGTGCGACG_Locus_COI_Fwd, merging, 52581
PCR7_NNNGTGCGACG_Locus_COI_Rev, filtering, 35583
PCR7_NNNGTGCGACG_Locus_COI_Rev, merging, 35483
PCR7_NNNGTGTAGCA_Locus_COI_Fwd, filtering, 19413
PCR7_NNNGTGTAGCA_Locus_COI_Fwd, merging, 19382
PCR7_NNNGTGTAGCA_Locus_COI_Rev, filtering, 9547
PCR7_NNNGTGTAGCA_Locus_COI_Rev, merging, 9543
PCR7_NNNGTGTCGTC_Locus_COI_Fwd, filtering, 75429
PCR7_NNNGTGTCGTC_Locus_COI_Fwd, merging, 74104
PCR7_NNNGTGTCGTC_Locus_COI_Rev, filtering, 35620
PCR7_NNNGTGTCGTC_Locus_COI_Rev, merging, 35060
PCR7_NNNGTGTGAGC_Locus_COI_Fwd, filtering, 33862
PCR7_NNNGTGTGAGC_Locus_COI_Fwd, merging, 33833
PCR7_NNNGTGTGAGC_Locus_COI_Rev, filtering, 21494
PCR7_NNNGTGTGAGC_Locus_COI_Rev, merging, 21483
PCR7_NNNNACACATGT_Locus_COI_Fwd, filtering, 22200
PCR7_NNNNACACATGT_Locus_COI_Fwd, merging, 22126
PCR7_NNNNACACATGT_Locus_COI_Rev, filtering, 11428
PCR7_NNNNACACATGT_Locus_COI_Rev, merging, 11392
PCR7_NNNNACACTCTG_Locus_COI_Fwd, filtering, 25811
PCR7_NNNNACACTCTG_Locus_COI_Fwd, merging, 25777
PCR7_NNNNACACTCTG_Locus_COI_Rev, filtering, 14525
PCR7_NNNNACACTCTG_Locus_COI_Rev, merging, 14491
PCR7_NNNNACATCAGT_Locus_COI_Fwd, filtering, 5001
PCR7_NNNNACATCAGT_Locus_COI_Fwd, merging, 4987
PCR7_NNNNACATCAGT_Locus_COI_Rev, filtering, 3060
PCR7_NNNNACATCAGT_Locus_COI_Rev, merging, 3052
PCR7_NNNNACGACGAC_Locus_COI_Fwd, filtering, 72813
PCR7_NNNNACGACGAC_Locus_COI_Fwd, merging, 72091
PCR7_NNNNACGACGAC_Locus_COI_Rev, filtering, 40699
PCR7_NNNNACGACGAC_Locus_COI_Rev, merging, 40492
PCR7_NNNNGACACGAC_Locus_COI_Fwd, filtering, 52349
PCR7_NNNNGACACGAC_Locus_COI_Fwd, merging, 52099
PCR7_NNNNGACACGAC_Locus_COI_Rev, filtering, 29047
PCR7_NNNNGACACGAC_Locus_COI_Rev, merging, 29005
PCR7_NNNNGACACTGA_Locus_COI_Fwd, filtering, 40198
PCR7_NNNNGACACTGA_Locus_COI_Fwd, merging, 40022
PCR7_NNNNGACACTGA_Locus_COI_Rev, filtering, 19676
PCR7_NNNNGACACTGA_Locus_COI_Rev, merging, 19619
PCR7_NNNNGACAGCAG_Locus_COI_Fwd, filtering, 37
PCR7_NNNNGACAGCAG_Locus_COI_Fwd, merging, 36
PCR7_NNNNGACAGCAG_Locus_COI_Rev, filtering, 7
PCR7_NNNNGACAGCAG_Locus_COI_Rev, merging, 7
PCR7_NNNNGACAGTCT_Locus_COI_Fwd, filtering, 20448
PCR7_NNNNGACAGTCT_Locus_COI_Fwd, merging, 20390
PCR7_NNNNGACAGTCT_Locus_COI_Rev, filtering, 12394
PCR7_NNNNGACAGTCT_Locus_COI_Rev, merging, 12378
PCR7_NNNNGACATCGT_Locus_COI_Fwd, filtering, 15938
PCR7_NNNNGACATCGT_Locus_COI_Fwd, merging, 15891
PCR7_NNNNGACATCGT_Locus_COI_Rev, filtering, 8163
PCR7_NNNNGACATCGT_Locus_COI_Rev, merging, 8136
PCR7_NNNNGCGACGTG_Locus_COI_Fwd, filtering, 35505
PCR7_NNNNGCGACGTG_Locus_COI_Fwd, merging, 33015
PCR7_NNNNGCGACGTG_Locus_COI_Rev, filtering, 21505
PCR7_NNNNGCGACGTG_Locus_COI_Rev, merging, 20036
PCR7_NNNNGCGAGTAG_Locus_COI_Fwd, filtering, 57748
PCR7_NNNNGCGAGTAG_Locus_COI_Fwd, merging, 56440
PCR7_NNNNGCGAGTAG_Locus_COI_Rev, filtering, 25807
PCR7_NNNNGCGAGTAG_Locus_COI_Rev, merging, 25272
PCR7_NNNNGCGTATGT_Locus_COI_Fwd, filtering, 61889
PCR7_NNNNGCGTATGT_Locus_COI_Fwd, merging, 56049
PCR7_NNNNGCGTATGT_Locus_COI_Rev, filtering, 26601
PCR7_NNNNGCGTATGT_Locus_COI_Rev, merging, 24155
PCR7_NNNNGTACTAGT_Locus_COI_Fwd, filtering, 26441
PCR7_NNNNGTACTAGT_Locus_COI_Fwd, merging, 23308
PCR7_NNNNGTACTAGT_Locus_COI_Rev, filtering, 15952
PCR7_NNNNGTACTAGT_Locus_COI_Rev, merging, 14172
PCR7_NNNNGTGTCACT_Locus_COI_Fwd, filtering, 64274
PCR7_NNNNGTGTCACT_Locus_COI_Fwd, merging, 64177
PCR7_NNNNGTGTCACT_Locus_COI_Rev, filtering, 40528
PCR7_NNNNGTGTCACT_Locus_COI_Rev, merging, 40463
PCR7_NNNNTACAGTAC_Locus_COI_Fwd, filtering, 14408
PCR7_NNNNTACAGTAC_Locus_COI_Fwd, merging, 13920
PCR7_NNNNTACAGTAC_Locus_COI_Rev, filtering, 5719
PCR7_NNNNTACAGTAC_Locus_COI_Rev, merging, 5435
PCR7_NNNNTCAGTCAC_Locus_COI_Fwd, filtering, 47734
PCR7_NNNNTCAGTCAC_Locus_COI_Fwd, merging, 47567
PCR7_NNNNTCAGTCAC_Locus_COI_Rev, filtering, 21525
PCR7_NNNNTCAGTCAC_Locus_COI_Rev, merging, 21471
PCR7_NNNNTCGACTCT_Locus_COI_Fwd, filtering, 79266
PCR7_NNNNTCGACTCT_Locus_COI_Fwd, merging, 77879
PCR7_NNNNTCGACTCT_Locus_COI_Rev, filtering, 48609
PCR7_NNNNTCGACTCT_Locus_COI_Rev, merging, 47752
PCR7_NNNNTCGTGCTC_Locus_COI_Fwd, filtering, 124707
PCR7_NNNNTCGTGCTC_Locus_COI_Fwd, merging, 123831
PCR7_NNNNTCGTGCTC_Locus_COI_Rev, filtering, 59641
PCR7_NNNNTCGTGCTC_Locus_COI_Rev, merging, 59241
PCR7_NNNNTGCTGCAC_Locus_COI_Fwd, filtering, 54190
PCR7_NNNNTGCTGCAC_Locus_COI_Fwd, merging, 53779
PCR7_NNNNTGCTGCAC_Locus_COI_Rev, filtering, 31437
PCR7_NNNNTGCTGCAC_Locus_COI_Rev, merging, 31380
PCR7_NNNNTGTCTATC_Locus_COI_Fwd, filtering, 25754
PCR7_NNNNTGTCTATC_Locus_COI_Fwd, merging, 22930
PCR7_NNNNTGTCTATC_Locus_COI_Rev, filtering, 11291
PCR7_NNNNTGTCTATC_Locus_COI_Rev, merging, 10106
PCR7_NNNTGTACAGC_Locus_COI_Fwd, filtering, 81963
PCR7_NNNTGTACAGC_Locus_COI_Fwd, merging, 81764
PCR7_NNNTGTACAGC_Locus_COI_Rev, filtering, 58827
PCR7_NNNTGTACAGC_Locus_COI_Rev, merging, 58751
PCR7_NNNTGTATCGT_Locus_COI_Fwd, filtering, 29695
PCR7_NNNTGTATCGT_Locus_COI_Fwd, merging, 29661
PCR7_NNNTGTATCGT_Locus_COI_Rev, filtering, 15485
PCR7_NNNTGTATCGT_Locus_COI_Rev, merging, 15480
PCR7_NNTAGCGATA_Locus_COI_Fwd, filtering, 61398
PCR7_NNTAGCGATA_Locus_COI_Fwd, merging, 61251
PCR7_NNTAGCGATA_Locus_COI_Rev, filtering, 20332
PCR7_NNTAGCGATA_Locus_COI_Rev, merging, 20321
PCR7_NNTCAGTATA_Locus_COI_Fwd, filtering, 61648
PCR7_NNTCAGTATA_Locus_COI_Fwd, merging, 61304
PCR7_NNTCAGTATA_Locus_COI_Rev, filtering, 17434
PCR7_NNTCAGTATA_Locus_COI_Rev, merging, 17410
PCR7_NNTCATACGT_Locus_COI_Fwd, filtering, 76488
PCR7_NNTCATACGT_Locus_COI_Fwd, merging, 75378
PCR7_NNTCATACGT_Locus_COI_Rev, filtering, 37212
PCR7_NNTCATACGT_Locus_COI_Rev, merging, 36787
PCR7_NNTGCTCAGA_Locus_COI_Fwd, filtering, 60917
PCR7_NNTGCTCAGA_Locus_COI_Fwd, merging, 60540
PCR7_NNTGCTCAGA_Locus_COI_Rev, filtering, 28350
PCR7_NNTGCTCAGA_Locus_COI_Rev, merging, 28307
PCR7_NNTGCTCGAT_Locus_COI_Fwd, filtering, 42152
PCR7_NNTGCTCGAT_Locus_COI_Fwd, merging, 42038
PCR7_NNTGCTCGAT_Locus_COI_Rev, filtering, 21021
PCR7_NNTGCTCGAT_Locus_COI_Rev, merging, 20993
PCR7_NNTGTACTAT_Locus_COI_Fwd, filtering, 57143
PCR7_NNTGTACTAT_Locus_COI_Fwd, merging, 56817
PCR7_NNTGTACTAT_Locus_COI_Rev, filtering, 24750
PCR7_NNTGTACTAT_Locus_COI_Rev, merging, 24697
PCR7_NNTGTAGCTA_Locus_COI_Fwd, filtering, 72699
PCR7_NNTGTAGCTA_Locus_COI_Fwd, merging, 72534
PCR7_NNTGTAGCTA_Locus_COI_Rev, filtering, 38099
PCR7_NNTGTAGCTA_Locus_COI_Rev, merging, 38071
PCR7_NNTGTCACAC_Locus_COI_Fwd, filtering, 83048
PCR7_NNTGTCACAC_Locus_COI_Fwd, merging, 81717
PCR7_NNTGTCACAC_Locus_COI_Rev, filtering, 35645
PCR7_NNTGTCACAC_Locus_COI_Rev, merging, 35133
PCR7_NNTGTCAGTA_Locus_COI_Fwd, filtering, 29216
PCR7_NNTGTCAGTA_Locus_COI_Fwd, merging, 29170
PCR7_NNTGTCAGTA_Locus_COI_Rev, filtering, 12912
PCR7_NNTGTCAGTA_Locus_COI_Rev, merging, 12907
PCR4_NNACAGTCGT_Locus_COI, denoising, 22983
PCR4_NNACAGTCGT_Locus_COI, chimeras, 22466
PCR4_NNAGCGCTCG_Locus_COI, denoising, 15870
PCR4_NNAGCGCTCG_Locus_COI, chimeras, 15799
PCR4_NNAGTCAGAT_Locus_COI, denoising, 46598
PCR4_NNAGTCAGAT_Locus_COI, chimeras, 46461
PCR4_NNGACACACG_Locus_COI, denoising, 20577
PCR4_NNGACACACG_Locus_COI, chimeras, 19855
PCR4_NNGACGCTAG_Locus_COI, denoising, 15173
PCR4_NNGACGCTAG_Locus_COI, chimeras, 15165
PCR4_NNNACACAGCA_Locus_COI, denoising, 14017
PCR4_NNNACACAGCA_Locus_COI, chimeras, 13920
PCR4_NNNACGACACG_Locus_COI, denoising, 23074
PCR4_NNNACGACACG_Locus_COI, chimeras, 22984
PCR4_NNNGACATATA_Locus_COI, denoising, 24870
PCR4_NNNGACATATA_Locus_COI, chimeras, 24295
PCR4_NNNGACGTCTG_Locus_COI, denoising, 27919
PCR4_NNNGACGTCTG_Locus_COI, chimeras, 27919
PCR4_NNNGCGTCAGA_Locus_COI, denoising, 78616
PCR4_NNNGCGTCAGA_Locus_COI, chimeras, 77007
PCR4_NNNGTGCAGAC_Locus_COI, denoising, 31221
PCR4_NNNGTGCAGAC_Locus_COI, chimeras, 30824
PCR4_NNNGTGTCGTC_Locus_COI, denoising, 28047
PCR4_NNNGTGTCGTC_Locus_COI, chimeras, 27674
PCR4_NNNNACACACAC_Locus_COI, denoising, 19674
PCR4_NNNNACACACAC_Locus_COI, chimeras, 19530
PCR4_NNNNATGTCTGC_Locus_COI, denoising, 10084
PCR4_NNNNATGTCTGC_Locus_COI, chimeras, 10072
PCR4_NNNNGACAGAGC_Locus_COI, denoising, 16290
PCR4_NNNNGACAGAGC_Locus_COI, chimeras, 16152
PCR4_NNNNGCGTATGT_Locus_COI, denoising, 15018
PCR4_NNNNGCGTATGT_Locus_COI, chimeras, 14986
PCR4_NNNNGTACTAGT_Locus_COI, denoising, 17954
PCR4_NNNNGTACTAGT_Locus_COI, chimeras, 17381
PCR4_NNNNTCATATAC_Locus_COI, denoising, 25521
PCR4_NNNNTCATATAC_Locus_COI, chimeras, 24724
PCR4_NNNNTCGACTCT_Locus_COI, denoising, 22551
PCR4_NNNNTCGACTCT_Locus_COI, chimeras, 22519
PCR4_NNNNTGTCTATC_Locus_COI, denoising, 19390
PCR4_NNNNTGTCTATC_Locus_COI, chimeras, 19367
PCR4_NNNTCATCTGA_Locus_COI, denoising, 27252
PCR4_NNNTCATCTGA_Locus_COI, chimeras, 27172
PCR4_NNTAGCAGTG_Locus_COI, denoising, 16638
PCR4_NNTAGCAGTG_Locus_COI, chimeras, 16638
PCR4_NNTGTAGACT_Locus_COI, denoising, 56220
PCR4_NNTGTAGACT_Locus_COI, chimeras, 55383
PCR4_NNTGTCACAC_Locus_COI, denoising, 33028
PCR4_NNTGTCACAC_Locus_COI, chimeras, 32718
PCR6_NNAGTCGATA_Locus_COI, denoising, 26342
PCR6_NNAGTCGATA_Locus_COI, chimeras, 26340
PCR6_NNNACAGCTAT_Locus_COI, denoising, 
PCR6_NNNACAGCTAT_Locus_COI, chimeras, 
PCR6_NNNACGACTGA_Locus_COI, denoising, 79297
PCR6_NNNACGACTGA_Locus_COI, chimeras, 79276
PCR6_NNNAGTATGTC_Locus_COI, denoising, 13105
PCR6_NNNAGTATGTC_Locus_COI, chimeras, 13103
PCR6_NNNGTGTGAGC_Locus_COI, denoising, 47975
PCR6_NNNGTGTGAGC_Locus_COI, chimeras, 47968
PCR6_NNNNACATCAGT_Locus_COI, denoising, 14952
PCR6_NNNNACATCAGT_Locus_COI, chimeras, 14952
PCR6_NNNNGACACGAC_Locus_COI, denoising, 30828
PCR6_NNNNGACACGAC_Locus_COI, chimeras, 30810
PCR6_NNNNGTGTCACT_Locus_COI, denoising, 45855
PCR6_NNNNGTGTCACT_Locus_COI, chimeras, 45849
PCR6_NNNNTACACGCT_Locus_COI, denoising, 16820
PCR6_NNNNTACACGCT_Locus_COI, chimeras, 16817
PCR6_NNNNTACAGTAC_Locus_COI, denoising, 
PCR6_NNNNTACAGTAC_Locus_COI, chimeras, 
PCR6_NNNNTCAGTCAC_Locus_COI, denoising, 27524
PCR6_NNNNTCAGTCAC_Locus_COI, chimeras, 27520
PCR6_NNNTGTACAGC_Locus_COI, denoising, 46724
PCR6_NNNTGTACAGC_Locus_COI, chimeras, 46710
PCR6_NNNTGTATCGT_Locus_COI, denoising, 26344
PCR6_NNNTGTATCGT_Locus_COI, chimeras, 26340
PCR6_NNTAGCGATA_Locus_COI, denoising, 31135
PCR6_NNTAGCGATA_Locus_COI, chimeras, 31133
PCR6_NNTCAGCTCG_Locus_COI, denoising, 47900
PCR6_NNTCAGCTCG_Locus_COI, chimeras, 47895
PCR6_NNTCAGTATA_Locus_COI, denoising, 20293
PCR6_NNTCAGTATA_Locus_COI, chimeras, 20273
PCR6_NNTGTAGCTA_Locus_COI, denoising, 28111
PCR6_NNTGTAGCTA_Locus_COI, chimeras, 28111
PCR6_NNTGTCAGTA_Locus_COI, denoising, 33817
PCR6_NNTGTCAGTA_Locus_COI, chimeras, 33811
PCR7_NNACACGCGA_Locus_COI, denoising, 60825
PCR7_NNACACGCGA_Locus_COI, chimeras, 60184
PCR7_NNACAGTCGT_Locus_COI, denoising, 27299
PCR7_NNACAGTCGT_Locus_COI, chimeras, 27282
PCR7_NNACGAGCAT_Locus_COI, denoising, 
PCR7_NNACGAGCAT_Locus_COI, chimeras, 
PCR7_NNAGCTAGCA_Locus_COI, denoising, 47382
PCR7_NNAGCTAGCA_Locus_COI, chimeras, 45662
PCR7_NNAGCTGACG_Locus_COI, denoising, 
PCR7_NNAGCTGACG_Locus_COI, chimeras, 
PCR7_NNAGTCAGAT_Locus_COI, denoising, 33488
PCR7_NNAGTCAGAT_Locus_COI, chimeras, 33462
PCR7_NNAGTCATCG_Locus_COI, denoising, 64892
PCR7_NNAGTCATCG_Locus_COI, chimeras, 64585
PCR7_NNAGTCGATA_Locus_COI, denoising, 17900
PCR7_NNAGTCGATA_Locus_COI, chimeras, 17892
PCR7_NNATCGCAGT_Locus_COI, denoising, 37076
PCR7_NNATCGCAGT_Locus_COI, chimeras, 36548
PCR7_NNATGTCGAG_Locus_COI, denoising, 26356
PCR7_NNATGTCGAG_Locus_COI, chimeras, 26354
PCR7_NNGACGCTAG_Locus_COI, denoising, 18719
PCR7_NNGACGCTAG_Locus_COI, chimeras, 18599
PCR7_NNGCGCGCGC_Locus_COI, denoising, 13056
PCR7_NNGCGCGCGC_Locus_COI, chimeras, 13050
PCR7_NNNACACGACG_Locus_COI, denoising, 21062
PCR7_NNNACACGACG_Locus_COI, chimeras, 21058
PCR7_NNNACACTAGC_Locus_COI, denoising, 74520
PCR7_NNNACACTAGC_Locus_COI, chimeras, 73990
PCR7_NNNACACTGAT_Locus_COI, denoising, 45514
PCR7_NNNACACTGAT_Locus_COI, chimeras, 44211
PCR7_NNNACAGCGTC_Locus_COI, denoising, 
PCR7_NNNACAGCGTC_Locus_COI, chimeras, 
PCR7_NNNACAGCTAT_Locus_COI, denoising, 28647
PCR7_NNNACAGCTAT_Locus_COI, chimeras, 28630
PCR7_NNNACGACACG_Locus_COI, denoising, 23455
PCR7_NNNACGACACG_Locus_COI, chimeras, 23360
PCR7_NNNACGACTGA_Locus_COI, denoising, 18445
PCR7_NNNACGACTGA_Locus_COI, chimeras, 18440
PCR7_NNNAGATCTCT_Locus_COI, denoising, 55824
PCR7_NNNAGATCTCT_Locus_COI, chimeras, 55527
PCR7_NNNAGCGAGTC_Locus_COI, denoising, 24370
PCR7_NNNAGCGAGTC_Locus_COI, chimeras, 24362
PCR7_NNNGACATATA_Locus_COI, denoising, 33404
PCR7_NNNGACATATA_Locus_COI, chimeras, 33390
PCR7_NNNGACGTCTG_Locus_COI, denoising, 28621
PCR7_NNNGACGTCTG_Locus_COI, chimeras, 28579
PCR7_NNNGACTACGA_Locus_COI, denoising, 42844
PCR7_NNNGACTACGA_Locus_COI, chimeras, 42618
PCR7_NNNGTACGCTG_Locus_COI, denoising, 36923
PCR7_NNNGTACGCTG_Locus_COI, chimeras, 36825
PCR7_NNNGTGCACTA_Locus_COI, denoising, 28649
PCR7_NNNGTGCACTA_Locus_COI, chimeras, 28117
PCR7_NNNGTGCGACG_Locus_COI, denoising, 43677
PCR7_NNNGTGCGACG_Locus_COI, chimeras, 43516
PCR7_NNNGTGTAGCA_Locus_COI, denoising, 16092
PCR7_NNNGTGTAGCA_Locus_COI, chimeras, 16090
PCR7_NNNGTGTCGTC_Locus_COI, denoising, 48434
PCR7_NNNGTGTCGTC_Locus_COI, chimeras, 48160
PCR7_NNNGTGTGAGC_Locus_COI, denoising, 29919
PCR7_NNNGTGTGAGC_Locus_COI, chimeras, 29902
PCR7_NNNNACACATGT_Locus_COI, denoising, 17837
PCR7_NNNNACACATGT_Locus_COI, chimeras, 17832
PCR7_NNNNACACTCTG_Locus_COI, denoising, 21819
PCR7_NNNNACACTCTG_Locus_COI, chimeras, 21669
PCR7_NNNNACATCAGT_Locus_COI, denoising, 4288
PCR7_NNNNACATCAGT_Locus_COI, chimeras, 4288
PCR7_NNNNACGACGAC_Locus_COI, denoising, 58175
PCR7_NNNNACGACGAC_Locus_COI, chimeras, 57965
PCR7_NNNNGACACGAC_Locus_COI, denoising, 42779
PCR7_NNNNGACACGAC_Locus_COI, chimeras, 42472
PCR7_NNNNGACACTGA_Locus_COI, denoising, 32269
PCR7_NNNNGACACTGA_Locus_COI, chimeras, 31974
PCR7_NNNNGACAGCAG_Locus_COI, denoising, 2
PCR7_NNNNGACAGCAG_Locus_COI, chimeras, 2
PCR7_NNNNGACAGTCT_Locus_COI, denoising, 17121
PCR7_NNNNGACAGTCT_Locus_COI, chimeras, 17088
PCR7_NNNNGACATCGT_Locus_COI, denoising, 13267
PCR7_NNNNGACATCGT_Locus_COI, chimeras, 13216
PCR7_NNNNGCGACGTG_Locus_COI, denoising, 20239
PCR7_NNNNGCGACGTG_Locus_COI, chimeras, 20239
PCR7_NNNNGCGAGTAG_Locus_COI, denoising, 42248
PCR7_NNNNGCGAGTAG_Locus_COI, chimeras, 42017
PCR7_NNNNGCGTATGT_Locus_COI, denoising, 37121
PCR7_NNNNGCGTATGT_Locus_COI, chimeras, 36793
PCR7_NNNNGTACTAGT_Locus_COI, denoising, 15195
PCR7_NNNNGTACTAGT_Locus_COI, chimeras, 15177
PCR7_NNNNGTGTCACT_Locus_COI, denoising, 57040
PCR7_NNNNGTGTCACT_Locus_COI, chimeras, 56851
PCR7_NNNNTACAGTAC_Locus_COI, denoising, 8734
PCR7_NNNNTACAGTAC_Locus_COI, chimeras, 8734
PCR7_NNNNTCAGTCAC_Locus_COI, denoising, 42123
PCR7_NNNNTCAGTCAC_Locus_COI, chimeras, 42123
PCR7_NNNNTCGACTCT_Locus_COI, denoising, 54512
PCR7_NNNNTCGACTCT_Locus_COI, chimeras, 54294
PCR7_NNNNTCGTGCTC_Locus_COI, denoising, 87208
PCR7_NNNNTCGTGCTC_Locus_COI, chimeras, 86951
PCR7_NNNNTGCTGCAC_Locus_COI, denoising, 44181
PCR7_NNNNTGCTGCAC_Locus_COI, chimeras, 43980
PCR7_NNNNTGTCTATC_Locus_COI, denoising, 15592
PCR7_NNNNTGTCTATC_Locus_COI, chimeras, 15545
PCR7_NNNTGTACAGC_Locus_COI, denoising, 68948
PCR7_NNNTGTACAGC_Locus_COI, chimeras, 68377
PCR7_NNNTGTATCGT_Locus_COI, denoising, 26326
PCR7_NNNTGTATCGT_Locus_COI, chimeras, 26320
PCR7_NNTAGCGATA_Locus_COI, denoising, 55304
PCR7_NNTAGCGATA_Locus_COI, chimeras, 55291
PCR7_NNTCAGTATA_Locus_COI, denoising, 51280
PCR7_NNTCAGTATA_Locus_COI, chimeras, 51033
PCR7_NNTCATACGT_Locus_COI, denoising, 58365
PCR7_NNTCATACGT_Locus_COI, chimeras, 57986
PCR7_NNTGCTCAGA_Locus_COI, denoising, 51275
PCR7_NNTGCTCAGA_Locus_COI, chimeras, 50942
PCR7_NNTGCTCGAT_Locus_COI, denoising, 33812
PCR7_NNTGCTCGAT_Locus_COI, chimeras, 33791
PCR7_NNTGTACTAT_Locus_COI, denoising, 46262
PCR7_NNTGTACTAT_Locus_COI, chimeras, 45876
PCR7_NNTGTAGCTA_Locus_COI, denoising, 62890
PCR7_NNTGTAGCTA_Locus_COI, chimeras, 62812
PCR7_NNTGTCACAC_Locus_COI, denoising, 55924
PCR7_NNTGTCACAC_Locus_COI, chimeras, 55702
PCR7_NNTGTCAGTA_Locus_COI, denoising, 26871
PCR7_NNTGTCAGTA_Locus_COI, chimeras, 26867
